case,param,true,post_mean,post_sd,q05,q50,q95,in_90ci
0,nu,0.35389962792396545,0.288523175586015,0.18708746278501465,0.06057377457618714,0.2447115257382393,0.6600783258676526,True
0,r,6.322841644287109,5.699887392520904,0.8475876635926521,4.113730525970459,5.798722743988037,6.907988882064819,True
0,muT,120.37641906738281,118.24842016601562,4.66236231996104,111.4420009613037,117.68916702270508,126.20718116760254,True
0,beta,0.06562766432762146,0.26221125323185696,0.20232354976524725,0.023205488640815022,0.20947138220071793,0.6626107722520828,True
1,nu,0.5767087936401367,0.4594198015294969,0.2615648529485731,0.08488604500889778,0.4159466028213501,0.8968263447284698,True
1,r,4.744223117828369,3.898209846019745,0.720238350785741,2.6161205530166627,3.9938623905181885,4.940615773200989,True
1,muT,140.1385498046875,144.84899215698243,3.847425411678827,138.78494720458986,144.75725555419922,151.53550643920897,True
1,beta,0.017645789310336113,0.34930104374163784,0.251662066047399,0.030692192167043688,0.2933047115802765,0.8117737978696822,False
2,nu,0.9190665483474731,0.8767107028961182,0.1473991287813497,0.5368905305862427,0.9328318238258362,0.9963817000389099,True
2,r,1.2149351835250854,1.3803874819278716,0.3270066614289056,0.9647404164075851,1.3192663788795471,2.052474558353424,True
2,muT,156.92442321777344,164.03695715332032,4.267621685349251,157.12193908691407,164.0984878540039,170.98960876464844,False
2,beta,0.8238113522529602,0.6726215755045414,0.28925010182882993,0.10732320807874204,0.7737107276916504,0.9870899528264999,True
3,nu,0.5503984689712524,0.4083064888631925,0.2380520923041288,0.055757824704051016,0.3739791661500931,0.8249315083026885,True
3,r,2.1529743671417236,2.3658241596221923,0.47414042566941794,1.5629937469959259,2.4148848056793213,3.062493169307708,True
3,muT,122.40155029296875,118.04268859863281,3.7121894966763174,112.73397789001464,117.73407363891602,124.64071121215821,True
3,beta,0.5324503779411316,0.40841773884603755,0.27931187404182384,0.038886988162994386,0.37137076258659363,0.9117389768362045,True
4,nu,0.19165857136249542,0.1742965242229402,0.15711118723216172,0.030457451939582825,0.11813558638095856,0.5126322209835049,True
4,r,3.275881767272949,4.909298659324646,1.741690871080919,2.9074528574943543,4.431803464889526,8.745072269439694,True
4,muT,340.2154541015625,339.0774027709961,10.250335652400988,319.53973999023435,339.5414733886719,354.3786911010742,True
4,beta,0.608544647693634,0.3508822465366684,0.25938549405601535,0.026057890057563784,0.2961350083351135,0.8293047219514846,True
5,nu,0.3689865171909332,0.3761340442895889,0.151707656856008,0.16919082775712013,0.3607003837823868,0.653159627318382,True
5,r,7.624699592590332,7.3930031409263615,1.8607585908370345,5.092597532272339,6.926891326904297,11.278578853607176,True
5,muT,328.6523742675781,317.93593493652344,10.412592031301223,299.26820068359376,318.2438659667969,333.43940124511715,True
5,beta,0.30999109148979187,0.3307845748900436,0.24285736102753916,0.026769367046654224,0.2745988070964813,0.7688642650842666,True
6,nu,0.6476924419403076,0.46207632614299654,0.25205304548251073,0.08865296617150306,0.43039746582508087,0.890501657128334,True
6,r,1.1097701787948608,0.8978261104822158,0.18175959145954768,0.604909235239029,0.9051569402217865,1.1997144877910613,True
6,muT,303.3532409667969,298.76141241455076,6.550373055893327,288.22727966308594,299.0365905761719,309.18617095947263,True
6,beta,0.13348181545734406,0.40906843418907374,0.27973480088159486,0.03439271561801435,0.36124086380004883,0.9017880976200103,True
7,nu,0.5438053607940674,0.6663205193281174,0.18103004304209544,0.3379752323031426,0.6916022300720215,0.9255394756793975,True
7,r,9.73186206817627,10.239180573940278,1.377567309740163,7.554712128639221,10.556536674499512,11.856988859176635,True
7,muT,252.3507080078125,257.55673110961914,7.948425148710482,245.30748443603517,257.3821716308594,270.7850967407226,True
7,beta,0.9984228610992432,0.7148452436178923,0.20539034383749968,0.3529789730906487,0.7665421962738037,0.9656800597906112,False
8,nu,0.977476179599762,0.5550700835436583,0.24260844836538836,0.15624439343810081,0.5684553682804108,0.9137221068143844,False
8,r,8.564693450927734,7.174920593261719,1.346814332120661,5.12587583065033,7.086388826370239,9.307953882217406,True
8,muT,162.64566040039062,160.70758679199218,5.296683312335078,152.5270004272461,160.53852081298828,168.91640319824216,True
8,beta,0.11935937404632568,0.4344514477485791,0.2728369052115107,0.04040494803339243,0.4051072746515274,0.9137742608785627,True
9,nu,0.3643757700920105,0.3414797989055514,0.22078963861356105,0.055170029215514664,0.29808738827705383,0.7547014623880385,True
9,r,2.188873767852783,1.9026760063171386,0.33906827354268637,1.2428725361824036,1.9787309169769287,2.3544166922569274,True
9,muT,267.6858215332031,266.29288580322265,6.673858298290108,255.57082977294922,266.2921600341797,277.19340362548826,True
9,beta,0.014342576265335083,0.315130915553309,0.24072994377988305,0.024310827907174825,0.27148371934890747,0.7987079828977585,False
10,nu,0.17868632078170776,0.5819499783366918,0.23065129527017897,0.2065387547016144,0.5852154791355133,0.9296116799116132,False
10,r,7.3336992263793945,8.783047783851623,1.6133793024260754,6.170046854019165,8.886224746704102,11.234974050521847,True
10,muT,216.4532012939453,214.8361672668457,6.889371370478957,204.74379501342773,214.63450622558594,226.5861831665039,True
10,beta,0.980333685874939,0.5817287388071418,0.27443357636603366,0.08841034397482872,0.6050117909908295,0.9559805989265442,False
11,nu,0.8291121125221252,0.5462306523770094,0.22424898585199365,0.17486704215407373,0.5739722549915314,0.8878555685281752,True
11,r,0.637027382850647,0.6101514047384262,0.13962181604724497,0.3943670213222504,0.6168483793735504,0.8291929066181183,True
11,muT,230.7707977294922,234.44978341674803,5.670189184912041,224.9459098815918,234.4988250732422,243.65031661987305,True
11,beta,0.31585633754730225,0.42884791594836863,0.2840278009150409,0.045679508149623876,0.3871152848005295,0.9131480515003203,True
12,nu,0.18941093981266022,0.365791769489646,0.21798719306601413,0.0825068186968565,0.32663416862487793,0.773862287402153,True
12,r,4.088693618774414,3.7096513633728025,0.5777121974129262,2.583739769458771,3.830260992050171,4.4695868492126465,True
12,muT,225.56491088867188,223.41953964233397,6.367490657771879,213.32591018676757,223.10701751708984,234.03356323242187,True
12,beta,0.19810913503170013,0.2717964830378769,0.22374105408360886,0.023195774387568244,0.20853422582149506,0.7138746976852416,True
13,nu,0.4543188214302063,0.475547424800694,0.2511858408440545,0.12131115421652794,0.4464004784822464,0.8931666523218155,True
13,r,3.9324395656585693,3.6567229051589965,0.6495578937296401,2.5262390971183777,3.7420291900634766,4.612567567825316,True
13,muT,278.8653259277344,273.950783996582,7.906417165926369,260.497509765625,274.1598663330078,286.772688293457,True
13,beta,0.20430859923362732,0.356112309188582,0.25592420977037356,0.02955545810982585,0.2931373715400696,0.8109009355306619,True
14,nu,0.5928930044174194,0.6564474745728075,0.2599760990473985,0.20728203654289246,0.6874528527259827,0.9882266670465469,True
14,r,4.781607627868652,6.188395839691162,1.500451827281492,4.141849827766419,5.959780693054199,8.79385085105896,True
14,muT,225.58128356933594,220.74216986083985,6.865413902503639,209.94251022338867,220.51260375976562,231.90814056396482,True
14,beta,0.9189350008964539,0.5896654477219563,0.3028754768403558,0.056669072061777126,0.629332423210144,0.9753030627965927,True
15,nu,0.35181376338005066,0.40063183328509333,0.12496931175752243,0.21319169625639917,0.3818700462579727,0.6235334217548371,True
15,r,7.44325065612793,9.063678150177003,1.5997657180053202,6.308081960678101,9.09541940689087,11.565518999099732,True
15,muT,382.8690185546875,383.4822183837891,12.130206379681434,357.6287017822266,387.2536315917969,396.17401123046875,True
15,beta,0.571239709854126,0.3265833612894639,0.22133244645806513,0.04683134555816651,0.2841707020998001,0.7297487676143646,True
16,nu,0.3660663664340973,0.3678821105211973,0.17171037787970841,0.15153377428650858,0.33385349810123444,0.7257885843515395,True
16,r,6.497152328491211,7.381553542137146,2.003695208965875,4.6791095495223995,6.909271478652954,11.281874132156371,True
16,muT,366.95013427734375,360.33536920166017,14.065534522753154,336.5642852783203,362.19085693359375,379.3374588012695,True
16,beta,0.4171946346759796,0.38233058831095695,0.2529889318913851,0.040649698115885265,0.35315026342868805,0.8497320622205733,True
17,nu,0.5447786450386047,0.6315066459774971,0.1769452628881554,0.3400798738002777,0.6389088928699493,0.9038206279277801,True
17,r,9.370390892028809,10.414636832237244,1.1515996470605692,8.112652730941772,10.693724155426025,11.84736876487732,True
17,muT,199.83160400390625,190.76937887573243,6.678263745915577,180.38953170776367,190.9037094116211,200.83472900390623,True
17,beta,0.9608479142189026,0.7892796726226806,0.16959662069291145,0.44255135804414747,0.8344374299049377,0.9802310556173325,True
18,nu,0.966157853603363,0.7435515870600938,0.17613524640880346,0.41345716416835787,0.7865082621574402,0.9640989601612091,False
18,r,8.653475761413574,9.60621418094635,1.686340633087802,6.596532154083252,9.877718925476074,11.812135648727416,True
18,muT,281.9728088378906,283.6030917358398,9.296888388967385,267.1198303222656,284.083251953125,298.6336135864258,True
18,beta,0.6226806044578552,0.697141369510442,0.22553658944245084,0.23628031685948372,0.7419052422046661,0.9722232520580292,True
19,nu,0.005277025047689676,0.06857827627562074,0.15579318497688935,0.00019624259730335324,0.010897506959736347,0.3553029745817183,True
19,r,9.987222671508789,7.920283537864685,2.1271924285001247,4.916975831985473,7.695948362350464,11.443246269226073,True
19,muT,147.86117553710938,141.45590664672852,5.078874907159534,133.92386703491212,141.0481948852539,150.4481101989746,True
19,beta,0.46099475026130676,0.5539029292276245,0.2990758100826002,0.051985726132988935,0.6052111387252808,0.9530437499284744,True
20,nu,0.30874714255332947,0.4719210197031498,0.19757242094184654,0.17760823369026185,0.455949530005455,0.8034722328186035,True
20,r,10.952973365783691,7.405754758358002,1.8722657179950877,4.834793925285339,7.26446533203125,10.869090509414665,False
20,muT,358.68304443359375,359.46734942626955,12.492914921099036,334.89100341796876,360.57398986816406,377.1498733520508,True
20,beta,0.03926830738782883,0.4582745834516827,0.27892529984096304,0.04184415563941002,0.45607882738113403,0.9005252748727799,False
21,nu,0.1977308690547943,0.5932828437834978,0.23938518084396426,0.20166689455509185,0.5818342864513397,0.9551767975091933,False
21,r,8.305127143859863,8.492963165283204,1.6884220434882635,5.9967409610748295,8.401280403137207,11.220197296142578,True
21,muT,195.34664916992188,195.14998782348633,6.4214595304299,184.62184143066406,195.04296875,205.71927642822266,True
21,beta,0.9910071492195129,0.6077037338460796,0.27497242997613247,0.11644089333713056,0.6495428681373596,0.9717963993549347,False
22,nu,0.3907017707824707,0.6555895903557539,0.27120184635883265,0.16176005825400355,0.7233318984508514,0.9852353215217591,True
22,r,2.9116098880767822,3.5017513456344607,0.9501049942672126,2.3462894558906555,3.3220962285995483,5.1093662738800045,True
22,muT,351.96429443359375,333.37775500488283,9.35099238026583,319.5570526123047,334.16455078125,348.5913970947266,False
22,beta,0.7616375088691711,0.5865706108082086,0.29920449868459115,0.05235783103853465,0.6439731121063232,0.9603047013282776,True
23,nu,0.02450234442949295,0.04162021256261505,0.06091269819518476,0.004789224662818015,0.024703319184482098,0.1283295229077338,True
23,r,9.117265701293945,9.10082608604431,2.2179572056250705,5.08880844116211,9.418012619018555,11.90859260559082,True
23,muT,273.9812927246094,256.7737098388672,7.458760275002582,244.4614501953125,256.32847595214844,269.7893600463867,False
23,beta,0.28435105085372925,0.5905115604642779,0.2847317277989596,0.07486707977950574,0.6452950537204742,0.9577282518148422,True
24,nu,0.36141276359558105,0.4726207136809826,0.2612727286614486,0.08006439730525017,0.4668549746274948,0.912744852900505,True
24,r,4.085744380950928,5.452675848960877,0.94507449710656,3.818722665309906,5.531529188156128,6.862087297439575,True
24,muT,149.10736083984375,147.37960794067382,4.480235478074106,140.54406280517577,147.19535064697266,155.0920394897461,True
24,beta,0.6535317897796631,0.3543741089834366,0.25875217262190586,0.021472757402807473,0.30538755655288696,0.8356731474399566,True
25,nu,0.873072624206543,0.7515693395733833,0.18553906253351907,0.3733713060617447,0.7897120118141174,0.9746969610452652,True
25,r,11.324109077453613,9.296107551574707,1.7490885066088484,6.270624303817749,9.405099868774414,11.72789077758789,True
25,muT,270.6686096191406,259.03184762573244,8.291241532630718,246.08242111206056,258.952392578125,272.60549316406247,True
25,beta,0.3222142457962036,0.7075167208313942,0.23797199954505496,0.21502756401896478,0.7776590287685394,0.9755886256694792,True
26,nu,0.46378645300865173,0.3790255859605968,0.21047566257601366,0.09573013707995415,0.35370591282844543,0.7622564613819122,True
26,r,10.2713041305542,8.704194103240967,1.4166997908028924,6.546318626403808,8.650926113128662,11.148634147644042,True
26,muT,137.8689727783203,140.33740048217774,4.187222569792188,133.97490997314452,140.05892944335938,147.90458984375,True
26,beta,0.059567373245954514,0.4363976857345551,0.258771264103601,0.04243682082742453,0.42672473192214966,0.8641347080469132,True
27,nu,0.11528664082288742,0.14223317806795238,0.08739517046486149,0.050412913970649245,0.1226852536201477,0.3020360335707664,True
27,r,9.209665298461914,8.031140733718873,2.4213020303788,4.388362002372742,8.000714540481567,11.738094568252563,True
27,muT,355.29254150390625,330.4961558837891,10.290285552414161,312.84566802978514,331.40879821777344,346.47644500732423,False
27,beta,0.5887896418571472,0.4233844033847563,0.2621897965487591,0.038120376132428656,0.39919358491897583,0.8644325256347655,True
28,nu,0.4893598258495331,0.7302358660139143,0.24086429871461343,0.24369546100497247,0.8035304248332977,0.9953239232301712,True
28,r,6.012131690979004,7.2419384765625,1.6734242430628772,5.106382083892822,6.851665258407593,10.562338829040527,True
28,muT,118.24458312988281,117.11960415649413,4.56630718069772,110.5298698425293,116.68763732910156,124.5481475830078,True
28,beta,0.9740895628929138,0.6592834572345019,0.2619401655287047,0.1268148433417082,0.7314174175262451,0.9695642828941345,False
29,nu,0.9673236012458801,0.7419973023086787,0.23884128058153362,0.2555979497730732,0.8103325664997101,0.9943272292613983,True
29,r,5.263876914978027,4.972575832366943,1.2322536018490384,3.503579664230347,4.684207201004028,7.667592668533324,True
29,muT,193.20533752441406,197.0340153503418,5.97033570907083,187.622265625,197.3715057373047,206.2061279296875,True
29,beta,0.5356591939926147,0.6576040577180684,0.26869161140360787,0.1215692423284054,0.7391450703144073,0.9688683688640595,True
30,nu,0.5065706968307495,0.570007040604949,0.25976447503251754,0.14617020040750503,0.576436311006546,0.9535419017076492,True
30,r,3.4171009063720703,3.8971986045837403,1.0525507176557343,2.6141485929489137,3.7224773168563843,5.519131422042846,True
30,muT,325.740478515625,345.40155114746096,10.00825896594844,327.7504165649414,345.8438262939453,360.21224822998045,False
30,beta,0.6582595705986023,0.5031123420950026,0.2875830954390127,0.06095215417444707,0.5177233219146729,0.9350955098867416,True
31,nu,0.8844190239906311,0.7892785944677889,0.23933542326501933,0.2412478789687157,0.8844206035137177,0.9965989023447036,True
31,r,2.8354759216308594,2.642585657119751,0.6994996103966103,1.779714858531952,2.4931535720825195,4.061380124092102,True
31,muT,290.0855712890625,300.47594293212893,8.19565627845773,286.17704010009766,300.34410095214844,314.3930938720703,True
31,beta,0.7614336609840393,0.7348859849013388,0.24540727207002763,0.19198464304208757,0.8207962512969971,0.9838361859321594,True
32,nu,0.9722087383270264,0.753553291797638,0.21047402117510058,0.34049581736326223,0.8226483166217804,0.993669131398201,True
32,r,10.495665550231934,7.427872170448303,1.5535331415927973,5.445345783233643,7.131916046142578,10.65323085784912,True
32,muT,111.18714904785156,112.46448387145996,4.356606141589802,106.56391067504883,111.91500854492188,120.44458045959472,True
32,beta,0.015032860450446606,0.7087339306995273,0.22352743037344733,0.252822544425726,0.7669415175914764,0.9660848617553711,False
33,nu,0.8806901574134827,0.7830571096390486,0.19772817967735795,0.3862341955304146,0.8523123562335968,0.9869840055704117,True
33,r,9.986959457397461,9.729255205631256,1.9479154650153023,5.541500806808472,10.229066371917725,11.85526933670044,True
33,muT,111.20914459228516,109.43624505615234,4.97677400057497,103.50838127136231,108.26216506958008,118.42605590820312,True
33,beta,0.8453642129898071,0.8982610253840685,0.1279457587421753,0.6570338368415832,0.9469029903411865,0.9954464852809906,True
34,nu,0.05190996825695038,0.5307272671535611,0.2836249877432366,0.09316165894269944,0.5324030220508575,0.9425729125738144,False
34,r,11.937687873840332,4.2801648886203765,1.5861036063935576,2.515143859386444,3.936065912246704,7.633287620544424,False
34,muT,389.4975280761719,385.2906115722656,12.371620604475247,362.7884796142578,388.92274475097656,397.15259246826173,True
34,beta,0.9051331281661987,0.5620689332364127,0.2984276302951106,0.06540781594812871,0.6039716899394989,0.9642352133989334,True
35,nu,0.2143019288778305,0.10944595959037542,0.06568730934649447,0.037588268518447876,0.09404724836349487,0.22878605797886836,True
35,r,7.994658470153809,9.202218684673309,2.01865458516747,5.671107506752015,9.379726886749268,11.874724197387696,True
35,muT,261.10186767578125,256.96313024902344,7.807751497699388,243.00750656127929,257.2162322998047,269.2107208251953,True
35,beta,0.3112214207649231,0.4546317931404337,0.2636864442886468,0.03789075128734113,0.45980705320835114,0.8687085181474682,True
36,nu,0.5162047743797302,0.5293422982245684,0.20355175385988025,0.20230763778090477,0.5161234736442566,0.8699913144111633,True
36,r,8.076584815979004,8.91211630153656,1.7344797103925471,6.167919731140136,8.955121040344238,11.507990598678589,True
36,muT,260.15618896484375,254.3425221557617,7.715892312640039,242.19626693725587,254.16153717041016,266.6984375,True
36,beta,0.5126451849937439,0.48635607419908045,0.28713855011319134,0.04099187403917313,0.4978667050600052,0.9282446414232254,True
37,nu,0.6004475355148315,0.546445771664381,0.2289375737634848,0.2036141410470009,0.5341060757637024,0.9124870896339417,True
37,r,5.042500019073486,7.399851220130921,1.6889744877469872,4.8149901866912845,7.390982151031494,10.367372035980223,True
37,muT,284.70428466796875,292.0856942749023,8.877467756924606,276.72764892578124,292.5296173095703,305.1664840698242,True
37,beta,0.804839551448822,0.4934324786593206,0.3019232378468601,0.026772568654268983,0.48169414699077606,0.9419935286045075,True
38,nu,0.4160445034503937,0.30880305685848,0.20996006573297113,0.05922420006245375,0.2608267813920975,0.7576358884572973,True
38,r,3.968693256378174,5.68772380065918,1.2207505378290613,4.0163589239120485,5.539644002914429,7.867744302749632,False
38,muT,231.80076599121094,226.73417086791991,6.735617659067125,215.72476654052736,226.7167205810547,237.38448257446288,True
38,beta,0.6437072157859802,0.39563711598701773,0.25883065515294096,0.04400501064956189,0.375553622841835,0.8591086477041244,True
39,nu,0.4066430628299713,0.5656043281257153,0.21924342616432788,0.21865063086152076,0.5597651600837708,0.9100851207971572,True
39,r,9.26368236541748,8.747793739318848,1.8125739843850661,5.622629070281983,8.849823951721191,11.57684416770935,True
39,muT,282.5353698730469,274.8637777099609,8.181411891598673,261.1070251464844,275.3242950439453,287.6982162475586,True
39,beta,0.7900955080986023,0.6219789190776646,0.27176853442940085,0.10845462903380394,0.6774575412273407,0.9707136750221252,True
40,nu,0.4811253845691681,0.6542675929069519,0.1958279511697547,0.30396000295877457,0.6826013326644897,0.9318211406469344,True
40,r,7.488332271575928,8.572674406051636,1.9655610952773053,5.144876551628113,8.68338918685913,11.656847476959229,True
40,muT,345.4268798828125,340.9941256713867,9.672128303616407,323.9650634765625,341.6078338623047,354.9894424438476,True
40,beta,0.8768735527992249,0.6852069357130677,0.25369122728656684,0.20036050751805307,0.7560856938362122,0.9720170140266419,True
41,nu,0.7016153335571289,0.7813285194188356,0.19946294106842868,0.3746754050254822,0.8404016494750977,0.9918410569429398,True
41,r,8.595771789550781,8.679507908344268,1.7232662190622445,5.715477705001831,8.614977359771729,11.421701431274414,True
41,muT,196.7759552001953,203.812921295166,6.5196394836765545,193.49225921630858,203.65572357177734,214.0197769165039,True
41,beta,0.978044331073761,0.7263688007416204,0.23232203616462563,0.2622662514448166,0.796966016292572,0.9844603329896927,True
42,nu,0.03906124830245972,0.3452194218521472,0.2849502538183678,0.02491314746439457,0.2707716077566147,0.912569651007652,True
42,r,3.0900092124938965,3.9718582606315613,0.8336167768527506,2.667735481262207,3.984085202217102,5.344177532196045,True
42,muT,219.97103881835938,214.08893701171874,6.36714440164066,204.16791610717775,213.97731018066406,224.71307983398435,True
42,beta,0.6702247858047485,0.42266683326615023,0.2815272272047383,0.02898589326068759,0.3776721656322479,0.8949735254049301,True
43,nu,0.36605462431907654,0.3865659108906984,0.19915158459458143,0.10801896452903748,0.3534926325082779,0.7503040641546249,True
43,r,4.712303161621094,6.873793642520905,1.692362070835712,4.58359386920929,6.607396841049194,10.269686841964722,True
43,muT,248.51177978515625,238.15323803710936,7.747771733374219,225.1344078063965,237.9417266845703,250.9730712890625,True
43,beta,0.6804272532463074,0.39578760257177054,0.2669694642625698,0.032469790801405905,0.3598163276910782,0.8574848324060438,True
44,nu,0.645582914352417,0.6279789709895849,0.21720361489874615,0.2556694582104683,0.661042183637619,0.9394630074501037,True
44,r,10.551945686340332,8.527961350440979,2.0526893658788414,4.851280474662781,8.647216796875,11.594439315795897,True
44,muT,364.6568908691406,377.3323614501953,11.372133686064167,353.78121490478514,379.82887268066406,391.8808197021484,True
44,beta,0.310538113117218,0.6191776243639179,0.28614372516631464,0.09454374946653843,0.6748391687870026,0.9663072943687439,True
45,nu,0.09862049669027328,0.27737262010760605,0.2001711622864758,0.04575609005987644,0.23168349266052246,0.6895459175109862,True
45,r,4.0866923332214355,4.383231881141662,1.0515862154673041,2.9474319577217103,4.305149555206299,6.2531873941421505,True
45,muT,288.1283264160156,291.90729528808595,8.147485150439925,278.5800354003906,291.9071350097656,305.3085250854492,True
45,beta,0.6414925456047058,0.3620136556301732,0.26289934070435,0.030388688854873183,0.3128989636898041,0.8196570158004759,True
46,nu,0.3276331126689911,0.394410793107003,0.23013765090711605,0.08881037943065166,0.3615652024745941,0.8342585712671277,True
46,r,3.1008331775665283,3.5426401965618135,0.5941889652803802,2.5081879615783693,3.682022452354431,4.381359887123107,True
46,muT,236.62640380859375,241.067620513916,6.3977142143936865,230.86925048828124,241.15782165527344,251.5764320373535,True
46,beta,0.4232824742794037,0.32338872424908915,0.23905952625464585,0.027223158348351716,0.2705662399530411,0.77962948679924,True
47,nu,0.8282243609428406,0.3944769649729133,0.20377074104999862,0.11107756458222866,0.37237320840358734,0.7624475568532944,False
47,r,5.849850177764893,5.830293922424317,1.5015929937717258,3.8987359285354612,5.624941349029541,8.845113945007315,True
47,muT,263.0417175292969,264.12766787719727,7.855877355180781,250.74586791992186,264.4154357910156,276.4928924560547,True
47,beta,0.12840329110622406,0.37213596419407985,0.2549975302956999,0.03575230147689582,0.31940601766109467,0.829926288127899,True
48,nu,0.17244185507297516,0.41575014040060343,0.23662590203125813,0.07849713489413263,0.3704897463321686,0.820401310920715,True
48,r,1.2168525457382202,1.693654124379158,0.34083932611990575,1.0911082804203034,1.7342607378959656,2.145719850063324,True
48,muT,211.8808135986328,205.26529779052734,5.450074518317241,195.75289611816407,205.4868927001953,214.38963623046874,True
48,beta,0.8327967524528503,0.3708629271206446,0.27132361778797,0.027102485205978154,0.3170970231294632,0.8691784679889676,True
49,nu,0.3963254392147064,0.5411933962032199,0.2670324469822597,0.12498449347913265,0.5428951382637024,0.9417775988578796,True
49,r,2.349982976913452,2.722311564207077,0.5151095632065208,1.8809774219989777,2.7219635248184204,3.5010863065719606,True
49,muT,318.3388366699219,318.49520318603516,8.190866968880217,305.4850372314453,318.94395446777344,331.2891052246094,True
49,beta,0.6199456453323364,0.3949875448476523,0.2749619294283802,0.028864493407309056,0.3615737408399582,0.8717035710811614,True
50,nu,0.6437541842460632,0.44113406878709793,0.23902977757886726,0.1067889653146267,0.4238029271364212,0.8573463410139084,True
50,r,2.0230095386505127,1.7070533010959625,0.32257784200063305,1.129511111974716,1.7521870732307434,2.1560903429985045,True
50,muT,164.5232391357422,163.57039071655274,4.008509220457614,157.24270324707032,163.4763641357422,170.00501403808593,True
50,beta,0.10391765087842941,0.36926133746095,0.2694737834479596,0.0352885078638792,0.31358206272125244,0.8482164144515988,True
51,nu,0.08442343026399612,0.31111064708977937,0.19178020799987874,0.06258907169103622,0.2763208895921707,0.6787407189607619,True
51,r,0.23640595376491547,0.37410813781619073,0.11584515369645441,0.21511043161153795,0.35802944004535675,0.5922071456909179,True
51,muT,182.62889099121094,177.87569116210938,4.2571354483353945,171.26685333251953,177.71121215820312,185.39116287231445,True
51,beta,0.8856745958328247,0.4200743701979518,0.2876287006051382,0.037498033791780475,0.3744770586490631,0.9057184725999828,True
52,nu,0.9643402695655823,0.6526406034082174,0.26234718660511336,0.1787178583443165,0.696483850479126,0.9852138370275497,True
52,r,2.7702391147613525,2.091422145843506,0.4251809103251242,1.510750985145569,2.0328222513198853,2.8443853616714474,True
52,muT,376.2826843261719,379.30469110107424,12.849771392939628,353.74693450927737,382.1197509765625,393.2292846679687,True
52,beta,0.106397345662117,0.5669344128426165,0.28029030502716484,0.08994026407599451,0.6213985085487366,0.9453922927379608,True
53,nu,0.26026415824890137,0.6462538382709027,0.23036925445581558,0.23444424569606784,0.6687582433223724,0.9596553176641461,True
53,r,8.640271186828613,9.026705198287964,1.6563474507591955,6.54845826625824,8.904112815856934,11.628620052337645,True
53,muT,170.9520721435547,172.1328698425293,5.59980876507273,163.3289451599121,171.83277893066406,181.86768951416016,True
53,beta,0.833410918712616,0.5918862652210519,0.2727631303934779,0.09377364553511143,0.6266252398490906,0.9659009158611297,True
54,nu,0.04690801352262497,0.4612609655708075,0.2437079034244846,0.1003296572715044,0.42763881385326385,0.8891380071640014,False
54,r,10.94572925567627,4.839650952339173,1.3402589487522014,3.112241578102112,4.672097206115723,7.204792809486387,False
54,muT,295.7412414550781,294.233507019043,8.849153110001819,280.2371170043945,294.04290771484375,308.7288848876953,True
54,beta,0.9764024019241333,0.43228821748821067,0.2839081749876106,0.03745536003261805,0.40889115631580353,0.9201620608568191,False
55,nu,0.07353629171848297,0.20776071449927985,0.16529333559646617,0.034963794983923435,0.1620263010263443,0.5607049286365506,True
55,r,8.117024421691895,7.30713583278656,1.4623900512001011,5.098552250862122,7.14276647567749,10.060773372650141,True
55,muT,181.05917358398438,189.57458038330077,5.807967809380397,180.3929229736328,189.66919708251953,198.5959503173828,True
55,beta,0.16344547271728516,0.35863441227376464,0.24556143285453544,0.032473630271852016,0.3216041624546051,0.8076811999082565,True
56,nu,0.5721737742424011,0.672415341809392,0.24598516360411277,0.2147259645164013,0.7103224098682404,0.9816682010889053,True
56,r,3.303894519805908,3.5664232649803163,0.7745936957064141,2.5398497700691225,3.401689052581787,4.954720163345336,True
56,muT,225.84756469726562,218.13104534912108,6.664688543362831,207.45945739746094,217.9386215209961,229.21517028808594,True
56,beta,0.6444386839866638,0.5544034139962168,0.27359317058709026,0.08300910480320456,0.5992106795310974,0.9362350702285763,True
57,nu,0.9427284002304077,0.6741373080611229,0.2190456077106321,0.29037422239780425,0.6996532380580902,0.9689137756824493,True
57,r,9.395559310913086,7.918777726650238,1.9890198651817834,4.821301746368408,7.984485864639282,11.203038883209228,True
57,muT,305.8099365234375,304.9019854736328,8.712063256814174,290.7121063232422,304.75634765625,319.11706390380857,True
57,beta,0.2728039622306824,0.6459823380103334,0.27406920655821015,0.12184700854122639,0.7014875411987305,0.9787016779184341,True
58,nu,0.7439465522766113,0.6087866207957268,0.2286857417299237,0.19850008562207222,0.636587917804718,0.9460863620042801,True
58,r,5.778136253356934,7.355396628379822,2.0197113385008922,4.2927830696105955,7.173594236373901,10.967977952957153,True
58,muT,379.01068115234375,370.9766851196289,12.00605516930052,347.96910095214844,372.6237487792969,387.01013946533203,True
58,beta,0.6497921943664551,0.5695823394302278,0.30270402392821766,0.045809865556657316,0.6285967230796814,0.9640608191490173,True
59,nu,0.6574941277503967,0.6818514984175563,0.24195833553312854,0.2648782730102539,0.7295344173908234,0.9864980429410934,True
59,r,6.905106067657471,7.271809719085693,1.6802759147447575,4.835605359077453,7.007044076919556,10.45628409385681,True
59,muT,178.8159942626953,179.07829708862306,6.081112512871435,169.64496841430665,178.88694763183594,189.1618927001953,True
59,beta,0.6689525246620178,0.5876833548881113,0.28817287411391607,0.06549384891986847,0.6480957567691803,0.9620504081249237,True
60,nu,0.20826657116413116,0.18966484710015358,0.14724157249295608,0.0339360797777772,0.1527063027024269,0.47281012386083593,True
60,r,1.211418867111206,0.9881568459272385,0.21875016527955618,0.6442349880933762,0.9780555367469788,1.3432876348495482,True
60,muT,121.66014099121094,123.14082095336914,5.341094172175443,115.25737419128419,122.46703338623047,132.86253509521484,True
60,beta,0.00623151334002614,0.3952055442519486,0.26325154275409585,0.03165307492017746,0.3704315572977066,0.8805487811565399,False
61,nu,0.36974722146987915,0.6365779869146645,0.25325137134076714,0.17177163437008858,0.6749627590179443,0.9545527547597885,True
61,r,1.74192214012146,2.1033866081237793,0.44859262454037174,1.4178792238235474,2.0861425399780273,2.7885268211364744,True
61,muT,137.03616333007812,136.6070520477295,3.542027685853385,130.85015335083008,136.41324615478516,142.64027404785156,True
61,beta,0.7670653462409973,0.4892609120858833,0.2863555242824307,0.04684121757745744,0.48292285203933716,0.9399281650781631,True
62,nu,0.04579789936542511,0.3588183310658205,0.27427738239378846,0.019941528327763084,0.30037721991539,0.8763606786727903,True
62,r,0.8286505937576294,1.2412417520284653,0.25491089918864246,0.838952648639679,1.2510322332382202,1.6597162306308746,False
62,muT,385.91827392578125,385.25751641845704,10.648894702568025,365.9452667236328,387.62229919433594,396.41439361572264,True
62,beta,0.8840727210044861,0.4378983141425997,0.27871417046647523,0.05138964056968689,0.39511603116989136,0.8978882819414136,True
63,nu,0.2987653911113739,0.5122920744121074,0.21268660705201636,0.16063563004136086,0.499340295791626,0.8516905337572097,True
63,r,4.7164835929870605,7.0842724404335025,1.7384797979915476,4.644367527961731,7.0515923500061035,10.349119567871092,True
63,muT,279.927490234375,274.84499459838867,8.289547387168836,260.47645874023436,275.1933898925781,287.8525665283203,True
63,beta,0.8895263671875,0.4920163598062936,0.29195402276880095,0.03929731901735068,0.5122263729572296,0.9333149880170822,True
64,nu,0.4411680996417999,0.40508221635967495,0.2401271386765513,0.07348190508782865,0.375529408454895,0.836607015132904,True
64,r,4.17874002456665,3.638439999103546,0.8317509605513804,2.4672903060913085,3.630073070526123,4.88226728439331,True
64,muT,324.3199462890625,332.116337890625,9.195655505767872,315.9844116210937,332.5372619628906,346.5958999633789,True
64,beta,0.11212439090013504,0.36439941502781587,0.2636788251757064,0.03542731702327729,0.3017424941062927,0.8309759408235549,True
65,nu,0.9257240891456604,0.6229784204314929,0.3117852711572521,0.06406006403267384,0.7160723805427551,0.9868195176124572,True
65,r,2.7884182929992676,3.1600176246166227,0.7498333338740736,2.2058313846588136,3.029860496520996,4.5527768373489375,True
65,muT,111.70408630371094,113.7186517791748,4.3306315028566456,107.96350555419922,112.94330978393555,122.04115829467773,True
65,beta,0.8696138262748718,0.5721445202523028,0.2919413930927663,0.06536305844783784,0.6225908994674683,0.9597432106733322,True
66,nu,0.909018337726593,0.7824228983819485,0.1821309081758391,0.4331965744495392,0.8303003013134003,0.9875042259693145,True
66,r,4.459090232849121,4.501358325004578,1.0113132185559068,3.3112117767333986,4.239315986633301,6.596887445449826,True
66,muT,130.0172119140625,129.1935715332031,4.172774244982088,123.18099975585938,128.7146224975586,136.79852066040038,True
66,beta,0.6340689063072205,0.7211414365135134,0.23530465446198215,0.22040149495005606,0.7858497798442841,0.9771178752183913,True
67,nu,0.7594988346099854,0.7111519136056303,0.19992018670334252,0.29861024022102356,0.7582685351371765,0.9526628732681274,True
67,r,0.6393108367919922,0.5587314559519291,0.1877464655045607,0.3067556992173195,0.5380662977695465,0.9034441679716105,True
67,muT,136.34323120117188,136.709190826416,4.496670440177523,129.86325912475587,136.51876831054688,144.359513092041,True
67,beta,0.3644811511039734,0.5096741987178102,0.3078851098087462,0.0478228535503149,0.5077057182788849,0.9563175708055496,True
68,nu,0.51249760389328,0.5063888488858939,0.1946200396336798,0.20352398082613946,0.5005781948566437,0.8553484261035919,True
68,r,5.813260078430176,9.468957926750184,1.6295041761673772,6.583517360687256,9.56661081314087,11.751535892486572,False
68,muT,231.9189910888672,239.5888335571289,7.581461884050659,226.49495620727538,239.63227081298828,251.42184143066405,True
68,beta,0.9015986323356628,0.5752149717090651,0.26474931851989436,0.1067832160741091,0.5960683226585388,0.944295945763588,True
69,nu,0.9554750323295593,0.632442489668727,0.2625633470595508,0.16539020016789435,0.6755933463573456,0.9694327116012573,True
69,r,5.565609455108643,4.3563037786483765,1.2629158934486715,2.814641308784485,4.085610866546631,6.580807304382324,True
69,muT,368.8703918457031,367.66597277832034,12.088173784323821,345.4999771118164,368.9307098388672,384.3738677978516,True
69,beta,0.058413662016391754,0.6239714676383883,0.2879225104327738,0.10116492174565793,0.6951399445533752,0.9768247395753861,False
70,nu,0.12871144711971283,0.517749326184392,0.26218701153862933,0.11230194978415967,0.5287594795227051,0.9298669427633285,True
70,r,8.3391752243042,5.211807206153869,1.7746367344636684,3.2794702529907225,4.807731628417969,9.747154235839842,True
70,muT,372.37640380859375,364.59285760498045,12.2665904757092,342.1477508544922,367.03741455078125,381.1231384277344,True
70,beta,0.8064666390419006,0.5213884876463563,0.2808461228645056,0.06353619955480098,0.5437511503696442,0.9312247902154922,True
71,nu,0.8187757730484009,0.3546840548589826,0.1972026851229432,0.08120757043361664,0.3289356529712677,0.7201126188039779,False
71,r,5.944582462310791,6.063766277790069,0.9325700938744107,4.339912176132202,6.174726247787476,7.399669623374939,True
71,muT,119.74979400634766,118.39341633605957,4.251852161738018,112.58167266845703,117.97354888916016,125.39867057800292,True
71,beta,0.33178627490997314,0.2793214494760614,0.2200022248760808,0.021066744904965164,0.23161007463932037,0.694780871272087,True
72,nu,0.7917171120643616,0.8121097902953625,0.1635374741647404,0.4735787659883499,0.8640110492706299,0.9842203766107559,True
72,r,10.211779594421387,9.510401217460632,1.8543383333384789,5.786777997016907,9.90871524810791,11.795441007614135,True
72,muT,280.7153015136719,279.16696646118163,9.204559815643746,263.2300750732422,279.8567199707031,292.7571136474609,True
72,beta,0.8038655519485474,0.7545860440209508,0.19702738038948506,0.36241465955972674,0.8059433698654175,0.9775391757488251,True
73,nu,0.9988318681716919,0.8370894559174776,0.13892233155275197,0.5707289218902589,0.8803489804267883,0.9784932345151901,False
73,r,0.2745588421821594,0.3428153385221958,0.13193558233626027,0.18375534787774087,0.31314924359321594,0.6142013788223265,True
73,muT,236.62515258789062,240.85035949707031,6.44108731773537,230.7535598754883,240.6655502319336,250.8320671081543,True
73,beta,0.9917051792144775,0.5524514901041985,0.3075651780872855,0.07463245503604413,0.5893489122390747,0.9724962681531906,False
74,nu,0.23997944593429565,0.19444030179083346,0.12878453278349372,0.03819038663059473,0.1684510037302971,0.44095279723405767,True
74,r,0.579081654548645,0.6470706735253334,0.15494574970922817,0.404043048620224,0.6348599493503571,0.8943938851356504,True
74,muT,134.76353454589844,136.45523376464843,4.572576223208097,129.4440803527832,135.85891723632812,144.1921173095703,True
74,beta,0.4977911710739136,0.37823016875470056,0.2646974297705357,0.03196413163095713,0.33118201792240143,0.865372249484062,True
75,nu,0.33440420031547546,0.35716348061338066,0.2095425874339024,0.07805159315466881,0.3096875250339508,0.7649323403835295,True
75,r,5.373489856719971,5.238965371608734,0.8233521155450613,3.710630106925964,5.34992241859436,6.355274367332458,True
75,muT,122.46271514892578,123.00875784301758,4.391028823607929,116.13643531799316,122.72501373291016,131.05381622314454,True
75,beta,0.16709968447685242,0.27666323064407333,0.22202393596060355,0.015343603538349272,0.2238226681947708,0.6966532677412031,True
76,nu,0.793429434299469,0.3521537412330508,0.21813600652544138,0.07140197344124317,0.30771999061107635,0.7645916014909743,False
76,r,3.013632297515869,3.0158270184993743,0.47491816673408527,2.1146458625793456,3.129185199737549,3.641613101959228,True
76,muT,264.2864685058594,259.09637329101565,7.331563542342141,246.8982696533203,258.86456298828125,271.44000244140625,True
76,beta,0.2547300457954407,0.27525889591523445,0.22100106856284318,0.016278766002506016,0.22322868555784225,0.7165390342473983,True
77,nu,0.3360920548439026,0.14627706874907018,0.09074409416676303,0.04847903046756983,0.12572655826807022,0.3470149621367454,True
77,r,7.212548732757568,8.83496866798401,2.088700917017188,5.407290649414063,9.017247200012207,11.800433015823364,True
77,muT,260.50384521484375,262.6209549255371,8.102163452083506,249.02296829223633,262.922119140625,275.71117095947267,True
77,beta,0.09825403243303299,0.423767116593197,0.27391085523757375,0.031518443021923304,0.41476503014564514,0.8751406222581863,True
78,nu,0.4686841070652008,0.5730151918530464,0.18844917640843148,0.25236961990594864,0.5670824348926544,0.8801454097032546,True
78,r,7.353676795959473,9.802013291358948,1.4564569825304805,7.188006258010864,9.882577419281006,11.822250366210938,True
78,muT,234.25245666503906,231.71367318725586,7.940219786402697,218.39307556152343,231.68182373046875,244.61641540527341,True
78,beta,0.8291112184524536,0.6316700204582885,0.24860854042863467,0.17401649430394173,0.6827267110347748,0.9622701227664947,True
79,nu,0.30227547883987427,0.14228758547641338,0.09992471509151127,0.028847342915832998,0.11949021369218826,0.33818843811750404,True
79,r,0.13208287954330444,0.16223924739286302,0.08601413659974484,0.06458967812359334,0.14456500858068466,0.32279707342386227,True
79,muT,161.7314453125,166.3603762512207,5.318990179555336,158.1969192504883,166.0520477294922,175.28071289062498,True
79,beta,0.6956203579902649,0.3268277429463342,0.2648971196539112,0.027520265523344283,0.26037947833538055,0.8465622037649154,True
80,nu,0.9886528849601746,0.8010611370354891,0.19417813501814948,0.3826294481754303,0.8737503886222839,0.9853540122509002,False
80,r,8.669530868530273,9.761492277383804,1.8305271529518692,5.869314074516296,10.146034240722656,11.81360774040222,True
80,muT,128.50994873046875,130.17422393798827,5.275856055623539,122.17421951293946,129.8738784790039,140.1464942932129,True
80,beta,0.909252941608429,0.8567524391412735,0.15427662722337768,0.5012188211083413,0.9102050960063934,0.9932948082685471,True
81,nu,0.4510177671909332,0.49996593237295744,0.261956688436654,0.1030678104609251,0.48612554371356964,0.9287433117628097,True
81,r,2.543400526046753,3.1620501992702486,0.6105813127702329,2.2096951365470887,3.201793909072876,4.090791249275207,True
81,muT,177.55899047851562,180.33220291137695,5.182806873319096,171.94376220703126,180.00743103027344,189.62641601562498,True
81,beta,0.6222184300422668,0.3955267009343952,0.26186868896867593,0.041568855382502094,0.3721517026424408,0.8381122976541518,True
82,nu,0.7037724256515503,0.6488590797036886,0.18132566562517338,0.32458436042070393,0.654031902551651,0.9215028911828994,True
82,r,10.343063354492188,10.018056115150452,1.280347006053039,7.758615851402283,10.253148078918457,11.78295078277588,True
82,muT,214.17474365234375,206.02410961914063,6.994095500457759,195.51033554077148,205.76156616210938,217.49700393676758,True
82,beta,0.7338312864303589,0.7626574152112007,0.18520066751538247,0.3872977778315544,0.8180673718452454,0.9730320781469345,True
83,nu,0.7448808550834656,0.5742152376770974,0.2759951094048749,0.10839611589908602,0.6019729375839233,0.9581581890583037,True
83,r,3.5271918773651123,4.183443039417267,0.7773318783117641,2.954913878440857,4.173647880554199,5.416533827781677,True
83,muT,155.1680908203125,154.14782205200194,4.180162995345021,147.8483772277832,153.846923828125,161.16023941040038,True
83,beta,0.6111578345298767,0.41832512060925364,0.2551428799730742,0.04238104093819857,0.423242449760437,0.8593660145997998,True
84,nu,0.6364083290100098,0.7094955427497626,0.24991940932032994,0.21647364497184754,0.7876042127609253,0.9831462681293487,True
84,r,0.8149858713150024,0.9638674480915069,0.2226260642264837,0.6612297892570496,0.9367230534553528,1.3415321290493012,True
84,muT,256.5234069824219,259.4745610961914,6.290460806021122,249.13571243286134,259.867919921875,269.2964157104492,True
84,beta,0.6615054607391357,0.5259163145758211,0.3022675810286132,0.053692046925425535,0.5550508201122284,0.9631108582019806,True
85,nu,0.9195008873939514,0.637390010535717,0.23452398208228237,0.21773623675107956,0.6629198491573334,0.967045646905899,True
85,r,9.060129165649414,8.303559770584107,1.7684500456717536,5.598325967788696,8.124470710754395,11.276151514053344,True
85,muT,205.6742706298828,196.22104452514648,6.272655372675581,185.90358276367186,196.0037384033203,207.11987533569337,True
85,beta,0.4106626510620117,0.6080370827876032,0.27924034458079644,0.11604972146451474,0.6506810784339905,0.9726575940847397,True
86,nu,0.3385482430458069,0.46249436631798746,0.15371959594827309,0.20758914500474931,0.45835334062576294,0.7233761668205261,True
86,r,11.652986526489258,11.107693338394165,0.8249311867642116,9.508874416351318,11.32979154586792,11.966608476638793,True
86,muT,129.2886962890625,126.60590544128418,5.972908136112621,118.09860191345214,125.94169616699219,136.83294982910155,True
86,beta,0.6450361609458923,0.5713006013631821,0.19045912850358432,0.2555260926485062,0.5711236894130707,0.8932788521051406,True
87,nu,0.6104220747947693,0.7356307678818703,0.1810018849472279,0.3819555342197418,0.7720915675163269,0.9637861549854279,True
87,r,10.358193397521973,9.987251196861267,1.312355671966865,7.538456916809082,10.135169506072998,11.778432989120484,True
87,muT,171.20140075683594,171.95289169311525,6.117165094520583,162.8545783996582,171.82237243652344,182.00779418945314,True
87,beta,0.8337584137916565,0.7984858761131763,0.16778193629729762,0.4623155742883682,0.8462698459625244,0.9824945598840713,True
88,nu,0.5602976679801941,0.7881537858247757,0.18783636058042305,0.40516991466283797,0.8466248214244843,0.9830114752054214,True
88,r,10.877525329589844,9.619643826007843,1.9302694908490814,5.963560104370117,10.099350929260254,11.8549880027771,True
88,muT,356.44610595703125,375.1313803100586,12.982920298604462,350.4514663696289,378.34226989746094,390.6395431518555,True
88,beta,0.8349316716194153,0.6763276739493013,0.2611335597411691,0.19777822792530061,0.7484623491764069,0.9805115848779679,True
89,nu,0.6593608856201172,0.6229303279221058,0.22186664150321878,0.24963669627904894,0.6308148205280304,0.9542542040348052,True
89,r,9.17604923248291,8.869105555534363,1.6230132976182274,6.317392683029175,8.843316555023193,11.581980991363524,True
89,muT,185.58457946777344,182.9101261291504,6.123067726131794,173.0192092895508,182.78897857666016,193.18953552246094,True
89,beta,0.5276547074317932,0.6859183650799096,0.23764266608945425,0.19832500442862513,0.7436029016971588,0.9715136617422103,True
90,nu,0.48783594369888306,0.46838592705875637,0.2603345004144081,0.07748627848923206,0.4573606103658676,0.8964275568723677,True
90,r,1.4548951387405396,1.7108599450588227,0.3399162251019589,1.172575408220291,1.7383089065551758,2.244596338272095,True
90,muT,312.66064453125,314.5269627685547,8.215322188208168,300.65946807861326,314.4119873046875,328.2593795776367,True
90,beta,0.552959680557251,0.4079362401515245,0.267650601858767,0.03361695948988199,0.37697674334049225,0.8785778671503065,True
91,nu,0.38455328345298767,0.5346870179176331,0.17822526598985045,0.2660506308078766,0.5286282300949097,0.843328958749771,True
91,r,11.997465133666992,9.662010997772217,1.570837621323695,6.911109876632691,9.928030014038086,11.787396812438963,False
91,muT,283.5722351074219,286.8388624267578,8.834228273940054,272.5857635498047,286.9899444580078,302.0629913330078,True
91,beta,0.5430089831352234,0.5814741293955594,0.2622640080627583,0.10468365922570229,0.6091340482234955,0.9379844129085539,True
92,nu,0.6575893759727478,0.2889142935499549,0.18109302803304395,0.06053476519882679,0.25393161177635193,0.6354127258062356,False
92,r,5.89040470123291,8.390701758384704,1.4340228762411034,6.060356068611145,8.445244789123535,10.721525955200194,False
92,muT,137.46470642089844,137.78393099975585,4.166067432681813,131.37010116577147,137.6008529663086,144.9745086669922,True
92,beta,0.668480396270752,0.3557261236815248,0.24671966164236916,0.024842237401753665,0.3184139281511307,0.8042200535535806,True
93,nu,0.7275872230529785,0.7417118851542472,0.1778323349442843,0.4098983034491539,0.7825017869472504,0.9599866896867753,True
93,r,0.4550986588001251,0.3846873800754547,0.13637182866863556,0.21424632370471955,0.3510294109582901,0.6307804495096205,True
93,muT,201.73204040527344,201.26670709228515,5.0403344056772434,192.4628807067871,201.2679901123047,209.77230529785157,True
93,beta,0.2896709740161896,0.49213561561238023,0.2904701864213549,0.048926767334342,0.4689038097858429,0.9554276973009109,True
94,nu,0.24411557614803314,0.27670302615500986,0.19464447293220913,0.050943571329116824,0.2244703322649002,0.6902368217706678,True
94,r,9.553606033325195,8.752136085510253,1.4308488671415571,6.2109442234039305,8.95899486541748,10.735658407211304,True
94,muT,102.52120971679688,102.35018998718262,3.4476040600771487,100.11519508361816,101.20956039428711,108.15046768188476,True
94,beta,0.29427507519721985,0.3478183342362754,0.24045589101363654,0.034079591371119024,0.31063981354236603,0.7870622813701628,True
95,nu,0.6246694326400757,0.5826325844302773,0.2908898733904055,0.10303707942366601,0.6139843165874481,0.9690685302019119,True
95,r,1.684865951538086,2.0856768171787263,0.4361771167288024,1.4467616021633147,2.079337477684021,2.790292739868164,True
95,muT,266.42529296875,275.2850289916992,6.926159548442189,263.7955947875977,275.7525177001953,286.0986633300781,True
95,beta,0.5698258280754089,0.46838958927663044,0.28542849793625863,0.04904608763754368,0.44386759400367737,0.920729985833168,True
96,nu,0.41578707098960876,0.5561014604270458,0.1696551208701642,0.2845930978655815,0.5443986654281616,0.8484035551548004,True
96,r,9.611684799194336,9.730334163665772,1.5314888348696865,7.0103616476058965,9.899807929992676,11.81930875778198,True
96,muT,355.8325500488281,333.99453356933594,9.963760432773212,317.61964263916013,333.56837463378906,350.0497619628906,False
96,beta,0.9619074463844299,0.6174173122672364,0.2561792604211459,0.15554868355393411,0.6715143024921417,0.9541721105575561,False
97,nu,0.7758444547653198,0.7662867215275765,0.18208150212445834,0.3983810603618622,0.8098205327987671,0.9859349191188812,True
97,r,6.543623447418213,8.449116473674774,1.5829695686763332,6.075799560546875,8.280296325683594,11.23526072502136,True
97,muT,135.3780975341797,137.77419206237792,4.62620800334319,130.62411727905274,137.6329803466797,145.38091049194335,True
97,beta,0.9546907544136047,0.7591506267520599,0.19867270883961433,0.3607370108366013,0.8134393095970154,0.9786191791296005,True
98,nu,0.3337254226207733,0.4653179721683264,0.21748032076938092,0.14936570897698404,0.46347393095493317,0.8415085703134535,True
98,r,7.359454154968262,5.909890989303589,1.6845235139455144,3.864898693561554,5.618606090545654,9.7938202381134,True
98,muT,367.62994384765625,369.4186500854492,14.081482676692668,344.5527008056641,371.7570343017578,387.5448272705078,True
98,beta,0.07014395296573639,0.4084749701889232,0.25913683996025444,0.042740673385560514,0.3873576819896698,0.8583449751138681,True
99,nu,0.021783234551548958,0.0653770295958966,0.05955704684274431,0.01655128123238683,0.04979892261326313,0.16919418871402728,True
99,r,10.494779586791992,7.56612408542633,2.4084691595651755,3.9727636814117435,7.534104585647583,11.253449058532714,True
99,muT,314.5632019042969,311.4837958984375,8.49217917502886,296.9669921875,312.0439147949219,324.1267974853516,True
99,beta,0.22290489077568054,0.4282723138914444,0.2595981485008821,0.04635683614760638,0.40853163599967957,0.8620745927095413,True
100,nu,0.5464084148406982,0.4972686709463596,0.15779304270783165,0.23529801592230798,0.501784473657608,0.7495263308286664,True
100,r,8.827579498291016,9.31846542263031,1.5603487358732713,6.587625050544739,9.452533721923828,11.664213180541992,True
100,muT,224.9236297607422,231.16186212158203,7.941254875403675,217.53636169433594,231.38717651367188,244.0047576904297,True
100,beta,0.3886556625366211,0.41694573395326734,0.25038377158447345,0.05211632046848536,0.40113915503025055,0.840875446796417,True
101,nu,0.08909782022237778,0.10993675897456706,0.07643893787746331,0.028819543309509754,0.09192509576678276,0.23765067011117924,True
101,r,8.449482917785645,9.074866973876953,1.916535983734155,5.704955744743347,9.32187557220459,11.635527276992796,True
101,muT,228.1657257080078,222.83235879516602,6.638100366221993,211.40166473388672,222.84869384765625,233.00067138671875,True
101,beta,0.6689304113388062,0.3976706199552864,0.25463369132625235,0.03159171044826507,0.37836772203445435,0.8180903762578964,True
102,nu,0.23410463333129883,0.4970952430963516,0.19799765188059598,0.1913687117397785,0.4886138588190079,0.8489374876022338,True
102,r,5.949557304382324,8.527945463180542,1.6939985259944177,5.692577576637268,8.6206636428833,11.285720252990721,True
102,muT,243.91542053222656,239.4164640197754,7.972933599002474,226.05225067138673,239.7507553100586,252.47150039672852,True
102,beta,0.9107030034065247,0.46831917107873594,0.26147008714885217,0.05864725429564714,0.4660860449075699,0.8870838582515715,False
103,nu,0.3871220052242279,0.6132738808691501,0.19083637598131364,0.29517295509576796,0.6256518661975861,0.9045196652412415,True
103,r,8.113100051879883,8.959001650333404,1.8903979977696614,5.635891246795654,9.2037935256958,11.640446186065672,True
103,muT,392.0836486816406,380.62036724853516,11.645454428286296,358.4907958984375,383.5463104248047,393.3530700683594,True
103,beta,0.9690957069396973,0.5882942799297162,0.28721826277699514,0.09041911922395231,0.6499044001102448,0.9649151504039764,False
104,nu,0.19904622435569763,0.3398532990217209,0.21681079453090304,0.06248986050486565,0.2899045795202255,0.7655093520879743,True
104,r,7.48085355758667,7.529052618026733,1.245863168434926,5.593560957908631,7.461252212524414,9.63321714401245,True
104,muT,149.41209411621094,146.01464529418945,4.4274361601854775,139.26145629882814,145.7621078491211,153.62035217285157,True
104,beta,0.2797791063785553,0.3502185974700842,0.2506387347545934,0.02078674715012312,0.31255319714546204,0.7896429270505905,True
105,nu,0.6093615293502808,0.530091844536364,0.22098810225607962,0.17297191098332407,0.5168486535549164,0.8802887320518492,True
105,r,8.954939842224121,7.566662234306335,1.5823634693032054,5.075924944877625,7.561351776123047,10.09808964729309,True
105,muT,217.98089599609375,220.0100738220215,6.894078325334115,208.9490982055664,220.13211059570312,231.69499588012695,True
105,beta,0.04221488535404205,0.4442005159094697,0.28421667318088406,0.032939129136502744,0.4573179632425308,0.9034496247768402,True
106,nu,0.9342674016952515,0.6386163870096206,0.2583939691939272,0.19811165630817415,0.6891871094703674,0.9728376418352126,True
106,r,8.079777717590332,6.403391561985016,1.807162253703085,3.9608511209487913,6.22997522354126,9.70639853477478,True
106,muT,336.71697998046875,346.01379711914063,11.414608511282774,326.9271270751953,347.20887756347656,362.99433288574215,True
106,beta,0.11230505257844925,0.5818773394222372,0.31136015342008305,0.04774291161447765,0.6319200396537781,0.9745589911937713,True
107,nu,0.5415981411933899,0.487645217359066,0.12987470270045537,0.26759232878684996,0.48957158625125885,0.7100088477134704,True
107,r,10.943126678466797,10.613399309158325,1.1494001559414202,8.271855449676513,10.931460857391357,11.903693056106567,True
107,muT,240.3713836669922,246.79856802368164,8.507759965326152,233.59228286743163,246.54164123535156,262.1352828979492,True
107,beta,0.418976366519928,0.46937126462161544,0.2225307952476026,0.1005932804197073,0.4629303514957428,0.8257597386837006,True
108,nu,0.5177958011627197,0.3848162450045347,0.23804865563528846,0.07105471454560756,0.3473215103149414,0.8333452671766282,True
108,r,2.979454517364502,3.1512714002132416,0.5705716420509312,2.16216322183609,3.2536914348602295,3.9361034154891965,True
108,muT,141.30722045898438,139.85511505126954,3.98928150129089,133.6340217590332,139.48213958740234,146.45830383300782,True
108,beta,0.34645694494247437,0.3419354850533418,0.25218802409872915,0.02929274253547192,0.2887200713157654,0.8176968753337858,True
109,nu,0.1176830604672432,0.1952865730104968,0.18179112392936192,0.019774707406759264,0.13893160969018936,0.6085583835840225,True
109,r,9.169393539428711,8.942125769615174,1.6092440030492452,6.36340742111206,9.025915145874023,11.411063051223755,True
109,muT,127.15259552001953,130.53247869873047,4.366435840744607,124.14276657104492,130.2337188720703,137.8716278076172,True
109,beta,0.2957099676132202,0.41133885601500514,0.2729178896509182,0.017867020051926374,0.381427600979805,0.8443859696388244,True
110,nu,0.26194673776626587,0.3981750582046807,0.21914274024486843,0.08416183553636075,0.3711267411708832,0.793148276209831,True
110,r,9.873554229736328,9.062757733345032,1.4259576271548107,6.7228603839874275,9.110170364379883,11.238316965103149,True
110,muT,127.78253936767578,125.71024182128906,4.2699647141289345,119.3163444519043,125.3904914855957,133.36153106689454,True
110,beta,0.24199457466602325,0.3813120989301242,0.2435725796991166,0.03462542984634638,0.35684312880039215,0.8070775747299195,True
111,nu,0.7806503772735596,0.7263913117945194,0.16850535946913783,0.40851051509380343,0.7538121044635773,0.951781377196312,True
111,r,7.417934417724609,9.519844716548919,1.7885647361256098,6.313078546524048,9.85236644744873,11.775911045074462,True
111,muT,352.4190368652344,337.87582873535155,11.667231482695819,317.2389877319336,339.6063537597656,354.2648620605469,True
111,beta,0.788600742816925,0.6834433084279299,0.25044446240151313,0.20174613669514657,0.7404215931892395,0.9785339742898941,True
112,nu,0.6468191742897034,0.6095628734454512,0.21615735363566804,0.2123115822672844,0.6487043797969818,0.9108048468828202,True
112,r,0.1382918655872345,0.3159375718981028,0.1340879732981479,0.15014038905501365,0.28383438289165497,0.5744743853807449,False
112,muT,174.13302612304688,175.89126718139647,4.530799715111742,168.0328155517578,175.88654327392578,183.26851348876954,True
112,beta,0.04501372203230858,0.44423998207226395,0.2973674656803739,0.031736370641738176,0.40985751152038574,0.9296675086021421,True
113,nu,0.6043823957443237,0.7636223011910915,0.17098122971730614,0.4400139108300209,0.8040333688259125,0.9721508294343948,True
113,r,10.305248260498047,9.354248173713684,1.7841566823953976,6.341889214515686,9.560311317443848,11.76400113105774,True
113,muT,379.0409851074219,383.90058099365234,14.581092515913397,356.6467651367187,388.2393035888672,396.8234390258789,True
113,beta,0.6495144963264465,0.6458819088377058,0.2692613003702551,0.12479883283376694,0.7023071646690369,0.9724354386329651,True
114,nu,0.01409071870148182,0.06824640593398362,0.0739855325818587,0.012460850179195404,0.0466921404004097,0.20024452134966808,True
114,r,5.495036602020264,7.02076629447937,2.6260141008716777,3.1866346478462217,6.863426923751831,11.323072481155394,True
114,muT,379.6543884277344,385.52928442382813,12.031112770042512,364.4375732421875,388.8232727050781,397.0950897216797,True
114,beta,0.9597028493881226,0.4140827181409113,0.2834184652884631,0.03477321509271861,0.38613317906856537,0.8930339157581326,False
115,nu,0.6781302094459534,0.4155710644526407,0.24627121941099991,0.07378859780728816,0.39112189412117004,0.8485672533512115,True
115,r,1.8481639623641968,1.7587745215892792,0.32329254427854764,1.170193648338318,1.8123576641082764,2.221178376674652,True
115,muT,281.219970703125,277.9925348510742,7.034293668185472,266.7193939208984,277.84523010253906,289.6338180541992,True
115,beta,0.241734579205513,0.36112781792040916,0.2476421238601456,0.038325111195445065,0.30988967418670654,0.8032313555479044,True
116,nu,0.9239504933357239,0.4630833496823907,0.30480991811131364,0.04755214545875789,0.4329412132501602,0.9553239613771438,True
116,r,2.986086368560791,2.8209371685981752,0.604545112716281,1.9212710797786712,2.800308346748352,3.842094659805298,True
116,muT,181.6305389404297,176.81833892822266,4.933292838663435,169.21033630371093,176.86471557617188,184.6851890563965,True
116,beta,0.5924111008644104,0.4761038595922291,0.2817468456753131,0.05234916079789401,0.4671398997306824,0.9085909068584441,True
117,nu,0.6238382458686829,0.4375248458981514,0.27916359187269707,0.04746425338089466,0.40630583465099335,0.9175736933946608,True
117,r,2.907104253768921,3.156470947504044,0.5862099682774083,2.152761399745941,3.2103359699249268,4.048479390144347,True
117,muT,220.0567626953125,222.88612283325196,6.22348982995358,212.62171478271483,222.9004364013672,232.28092727661132,True
117,beta,0.4710002541542053,0.37993015180155637,0.25251163681032074,0.047114088758826264,0.3450171649456024,0.8330981314182277,True
118,nu,0.9574161767959595,0.7873232892751694,0.20890901180593274,0.3201426640152931,0.8547669649124146,0.9878616869449615,True
118,r,7.641915798187256,9.939423769533635,2.421813114794976,4.519858193397522,10.918535709381104,11.985949039459229,True
118,muT,286.97705078125,280.29240707397463,8.704214072201616,266.31473541259766,280.4317321777344,294.6135482788086,True
118,beta,0.9946883916854858,0.7705088037401437,0.20218452440995494,0.36500815451145174,0.8294361233711243,0.9788250744342804,False
119,nu,0.4174377918243408,0.4315415292084217,0.16933513388566343,0.19629582464694978,0.4228343665599823,0.7366201281547544,True
119,r,5.754978656768799,8.221866421699524,1.8423289360254764,5.3518318176269535,8.180694580078125,11.501911640167233,True
119,muT,370.2676696777344,365.8055672607422,12.721033808212805,343.5504425048828,367.8376922607422,382.3772979736328,True
119,beta,0.6414822936058044,0.4247527163757477,0.26889517701189286,0.04852479062974453,0.39319775998592377,0.884554839134216,True
120,nu,0.34720832109451294,0.5562967916019261,0.25753318328544705,0.14095374196767807,0.5687885880470276,0.9381445229053497,True
120,r,3.997668981552124,5.558564028263092,1.1634254195027711,3.7802407503128053,5.507599115371704,7.4987928867340035,True
120,muT,235.19818115234375,242.3235291748047,7.209282886296017,231.06723175048828,242.52719116210938,253.768684387207,True
120,beta,0.85093754529953,0.4662010072502308,0.2837013728491545,0.03824892248958349,0.45435598492622375,0.9382900536060332,True
121,nu,0.8064345121383667,0.7782726901769638,0.21715390877368254,0.3076879739761353,0.8445571660995483,0.9957903087139129,True
121,r,7.986647129058838,8.928337665557862,1.6760163054356583,6.053865718841553,8.998438835144043,11.528937911987303,True
121,muT,143.08773803710938,143.063499420166,4.71451223403183,135.6794891357422,142.99705505371094,151.16468124389647,True
121,beta,0.8615067601203918,0.8190492467582225,0.16950562458482846,0.4591450124979019,0.8734391927719116,0.9857062131166459,True
122,nu,0.055205605924129486,0.3748949474412948,0.2387987930613425,0.060588863119483,0.32178063690662384,0.8150904774665831,False
122,r,3.24418044090271,3.3744798040390016,0.5872452139701748,2.2692580342292787,3.489455461502075,4.157559299468994,True
122,muT,180.2670135498047,176.8004557495117,4.874365367885814,168.48754272460937,176.77112579345703,184.84722290039062,True
122,beta,0.387914776802063,0.3206235751870554,0.24611816142211485,0.022206500731408597,0.26483820378780365,0.7839473783969877,True
123,nu,0.8851367235183716,0.567486894749105,0.25759384760020154,0.13136978298425675,0.6001398265361786,0.9245626717805863,True
123,r,2.931736946105957,2.86164236330986,0.5551662905678152,2.0045666098594666,2.8992053270339966,3.7201808810234067,True
123,muT,107.08346557617188,112.16068891906738,3.908144412948215,106.72269439697266,111.84590530395508,119.36817512512206,True
123,beta,0.39256274700164795,0.45370364299044014,0.2754816628365287,0.047193024680018424,0.43344953656196594,0.8965129464864731,True
124,nu,0.41924017667770386,0.5171059342324734,0.14365484296506675,0.2812023922801018,0.5131723284721375,0.7543351888656613,True
124,r,10.648214340209961,10.0454407787323,1.5319071317246065,7.049033260345459,10.47009563446045,11.862056779861451,True
124,muT,326.6865539550781,327.0157564086914,11.311714583219867,307.6693908691406,327.0286407470703,344.99708557128906,True
124,beta,0.7195779085159302,0.5046131115248427,0.2585320075633149,0.08542291633784771,0.5010431706905365,0.9025316715240478,True
125,nu,0.48265859484672546,0.41171781154815107,0.3321706120554518,0.015395438577979804,0.32062573730945587,0.9727739483118057,True
125,r,4.975687026977539,5.321528324127197,1.147093670680283,3.581255090236664,5.17925763130188,7.243420195579526,True
125,muT,157.70767211914062,160.37656021118164,4.8781042003258674,152.2079849243164,160.14754486083984,168.03774032592773,True
125,beta,0.5651053190231323,0.5175061303991825,0.2858138300549078,0.05473020132631064,0.5128580927848816,0.9497003614902496,True
126,nu,0.2733364701271057,0.524230405151844,0.19067483755636733,0.225290946662426,0.5083087682723999,0.8662626713514328,True
126,r,9.749858856201172,10.619648044586182,0.9940180591019839,8.60649003982544,10.783846855163574,11.895337581634521,True
126,muT,117.41116333007812,121.08687672424317,6.469368475742244,112.5267105102539,120.01772689819336,133.00005493164062,True
126,beta,0.9507221579551697,0.7795308024585247,0.15413766772059465,0.5022088080644608,0.8118835091590881,0.9641277641057968,True
127,nu,0.687497615814209,0.41403935369476674,0.23487190031259303,0.08242344483733177,0.3985685706138611,0.8166298627853391,True
127,r,2.758155345916748,3.1548707270622254,0.5722508962775051,2.2271476864814757,3.237109661102295,3.950716972351074,True
127,muT,169.71778869628906,170.34793099975585,4.63378728527255,162.95521545410156,170.37220001220703,177.87823486328125,True
127,beta,0.5148821473121643,0.34434764495585113,0.250113633413773,0.03206015676259995,0.29529473185539246,0.7868047028779983,True
128,nu,0.48701900243759155,0.4137963437885046,0.22365799340427386,0.09441080838441848,0.3916337937116623,0.808558744192123,True
128,r,0.638675332069397,0.6509401806592942,0.15094103407218845,0.4144078016281128,0.6539349257946014,0.8939670622348782,True
128,muT,190.9129180908203,194.2214891357422,4.959208318261068,186.10886611938477,194.3283462524414,202.45202102661133,True
128,beta,0.48711857199668884,0.4391656958423555,0.28230583066663506,0.04064726978540421,0.4124813973903656,0.8949062913656234,True
129,nu,0.09741911292076111,0.3325220530368388,0.2082934992178236,0.06536931023001671,0.28991687297821045,0.7304764479398727,True
129,r,0.7299489378929138,1.0554184907674788,0.20367693311725008,0.6740746855735779,1.0937190651893616,1.328964900970459,True
129,muT,261.706787109375,259.0280433044434,6.109205184445793,248.70017776489257,259.3393096923828,269.05767517089845,True
129,beta,0.7944313883781433,0.3395646636011079,0.2582970740433437,0.02466011429205537,0.2823052555322647,0.811695763468742,True
130,nu,0.22829779982566833,0.19152704732120038,0.13662939661782764,0.0465491084381938,0.15443313121795654,0.48482723385095594,True
130,r,7.847694396972656,8.049250042915345,2.0323145543214816,4.832961988449097,7.8233642578125,11.375740528106688,True
130,muT,219.93470764160156,226.4967261657715,6.939942331635279,214.8365165710449,226.52105712890625,237.68317260742188,True
130,beta,0.057161860167980194,0.40598367678001523,0.26620677173607993,0.03191979369148613,0.3746815621852875,0.8725817829370497,True
131,nu,0.5387511253356934,0.5531687938123941,0.23438581629420518,0.17216412872076034,0.5737482309341431,0.9222743391990661,True
131,r,7.791719913482666,7.404106143951416,2.0692051466706674,4.417857193946839,7.2855541706085205,11.130437088012693,True
131,muT,351.0396423339844,369.0671474609375,11.57153255623633,347.9569549560547,370.5982971191406,384.44139862060547,True
131,beta,0.11178738623857498,0.5769164469481911,0.2931211663055752,0.06491170935332775,0.6172839999198914,0.973964649438858,True
132,nu,0.7773376703262329,0.5698287972733378,0.34378665903917455,0.03148138253018261,0.6182612776756287,0.9961879968643188,True
132,r,6.727224349975586,7.469760618209839,2.154261621823394,4.278696227073669,7.090750455856323,11.307757711410522,True
132,muT,201.74658203125,193.70179827880858,6.761025962994238,182.357568359375,193.81980895996094,205.16954193115234,True
132,beta,0.8553427457809448,0.7653060393845662,0.23691162094062687,0.25380142629146574,0.8622564375400543,0.9892105340957641,True
133,nu,0.5391920804977417,0.7454893916249276,0.20547354647852842,0.3503067538142205,0.7866567373275757,0.9858079820871353,True
133,r,3.8442554473876953,4.44795126581192,1.015734831968773,3.2669493079185488,4.210496664047241,6.498255157470703,True
133,muT,123.99972534179688,125.26651550292969,3.7491951837765014,119.84492416381836,124.89197158813477,131.93389358520506,True
133,beta,0.7762206792831421,0.6453203691495583,0.2658136239194649,0.11016543284058572,0.7129528522491455,0.9682625353336334,True
134,nu,0.3729850649833679,0.3976496702209115,0.23153387216782811,0.07236538790166379,0.3545963615179062,0.8250750690698623,True
134,r,2.4289143085479736,2.5148511867523196,0.4717452343077345,1.6633176505565643,2.5887821912765503,3.1976424932479857,True
134,muT,219.87808227539062,221.51733810424804,6.3218074507562685,211.435302734375,221.4582748413086,231.99602432250975,True
134,beta,0.3060046136379242,0.3451138839125633,0.24676248601867526,0.025708378665149214,0.3018942028284073,0.8036636739969252,True
135,nu,0.6394851207733154,0.7588733791708946,0.18273420009384989,0.3877996504306793,0.8033944368362427,0.9754430174827575,True
135,r,11.01651668548584,8.080411848068238,2.038111918574032,4.9110286951065065,8.031906127929688,11.381544637680053,True
135,muT,276.45111083984375,283.33442489624025,8.423708482364276,269.5092529296875,283.7939147949219,296.74794006347656,True
135,beta,0.8037305474281311,0.7076964061558246,0.24782072084716636,0.1919189870357514,0.7790207266807556,0.9782159596681594,True
136,nu,0.5863072276115417,0.7530778303295373,0.1717098178863753,0.4431460499763489,0.7870965301990509,0.964927789568901,True
136,r,8.103093147277832,9.304667126655579,1.6187795600017743,6.474488306045532,9.34922981262207,11.68221025466919,True
136,muT,248.3849334716797,257.3370846862793,7.634864311727545,245.44702377319337,257.00340270996094,270.4423065185547,True
136,beta,0.9867103695869446,0.7274443490058183,0.21147972420467928,0.28973818123340606,0.7799553573131561,0.9773159772157669,False
137,nu,0.7359695434570312,0.47408022662810984,0.2992266961319033,0.04818661529570818,0.4575717896223068,0.9395227611064911,True
137,r,0.9159249663352966,1.1325172877311707,0.2437966808621689,0.7654297232627869,1.1346074938774109,1.5314154803752897,True
137,muT,282.0227966308594,280.4590455932617,6.2392825894828805,269.8139190673828,280.4714660644531,290.70370025634764,True
137,beta,0.754774272441864,0.4757887213360518,0.28866067486899505,0.05601370204240084,0.46492670476436615,0.9360149979591369,True
138,nu,0.871721088886261,0.7238602678366005,0.24848085435660291,0.2337846711277962,0.8025544285774231,0.9936541438102722,True
138,r,2.7341387271881104,2.5124226965904235,0.5791714790573564,1.826017189025879,2.3832693099975586,3.6246116399765005,True
138,muT,288.2871398925781,277.09747546386717,7.328355761233212,264.1994140625,277.7543640136719,288.5068145751953,True
138,beta,0.5217193961143494,0.6729039360247553,0.25909466196505737,0.13732819855213166,0.7368639707565308,0.9725786685943604,True
139,nu,0.1940772384405136,0.28424487440101803,0.17981933230748412,0.060592491179704666,0.24491097033023834,0.6397882640361784,True
139,r,5.294640064239502,4.912386617660522,0.7365079785506723,3.5626098394393924,5.03385591506958,5.922112536430359,True
139,muT,191.254150390625,184.61009182739258,5.226563920207285,176.66242294311525,184.5440673828125,193.94642028808593,True
139,beta,0.16772140562534332,0.27114893008902435,0.21893886514573874,0.019538649916648866,0.20983823388814926,0.6931641072034834,True
140,nu,0.2741720974445343,0.16345308774802833,0.11120082489088624,0.04093279223889113,0.13302841782569885,0.3976072192192077,True
140,r,1.568292260169983,1.388274475455284,0.24805490454210471,0.9192430824041367,1.430984616279602,1.7211018085479735,True
140,muT,137.63502502441406,138.57452494812011,4.8492733795738525,130.7527587890625,138.41141510009766,146.6246208190918,True
140,beta,0.09388062357902527,0.31481719547510145,0.24206145677902857,0.025032904092222454,0.24921061098575592,0.7975034087896345,True
141,nu,0.025522761046886444,0.46440468591824174,0.31476672504661896,0.04011472761631012,0.4563664197921753,0.9752098023891448,False
141,r,7.220313549041748,6.465703557491302,1.3633086226120745,4.605721259117127,6.286104440689087,9.114290046691892,True
141,muT,137.96449279785156,133.7563062133789,4.395405997718836,127.19515647888184,133.60794067382812,141.49987182617187,True
141,beta,0.5865858197212219,0.535042828655336,0.27458016688172937,0.04060554299503565,0.5678520202636719,0.9249433636665343,True
142,nu,0.5105190277099609,0.65525513073802,0.2074453646856274,0.27263405770063404,0.6766940653324127,0.9636407107114792,True
142,r,8.752467155456543,10.041295042991639,1.240386825396981,7.7581995010375975,10.185059070587158,11.827711582183838,True
142,muT,116.79521179199219,117.2097809753418,5.388063321837753,109.70291938781739,116.36632919311523,126.5779727935791,True
142,beta,0.9421402215957642,0.8163994571566582,0.14432526507643703,0.5425627022981644,0.8568835854530334,0.9776219844818114,True
143,nu,0.20027852058410645,0.30651682858355345,0.21545177402948523,0.05627576056867839,0.24989694356918335,0.7470908910036085,True
143,r,2.5268938541412354,2.557629551887512,0.45402913544982576,1.7808475613594057,2.6143194437026978,3.26993613243103,True
143,muT,368.0841979980469,374.7819844970703,11.662727339416142,352.8444091796875,376.6769256591797,388.97571563720703,True
143,beta,0.38895705342292786,0.32412392013333735,0.24558485329851915,0.029350337665528064,0.2540413439273834,0.7914876490831375,True
144,nu,0.056637704372406006,0.0904783789664507,0.08391854308220285,0.018070053681731226,0.06662024185061455,0.2539635628461837,True
144,r,10.048828125,9.270549137115479,1.9438578948059577,6.056468844413757,9.644286632537842,11.832143115997313,True
144,muT,217.80335998535156,210.96418508911134,6.914571776393329,200.18833923339844,210.92724609375,223.21624603271485,True
144,beta,0.2277659922838211,0.4606755438656546,0.26942157651072274,0.043344027921557435,0.46325820684432983,0.8854453414678572,True
145,nu,0.5591720938682556,0.488838989764452,0.1643605690816581,0.22959582805633547,0.4839518070220947,0.7691890388727187,True
145,r,7.713867664337158,9.032979068756104,1.605813531822519,6.215236854553223,9.204717636108398,11.463511085510254,True
145,muT,246.60057067871094,259.9065643310547,8.100121080675011,246.72173614501952,260.27947998046875,272.1863754272461,False
145,beta,0.3989095985889435,0.43719317023735493,0.26978869194981414,0.0415130028501153,0.4092109352350235,0.8769183307886123,True
146,nu,0.029756823554635048,0.3593662695335224,0.2816957750584433,0.0228466859087348,0.2841867059469223,0.892173647880554,True
146,r,10.576896667480469,8.869631948471069,1.6004411293613245,6.340414619445801,8.927356243133545,11.465085983276367,True
146,muT,110.26988220214844,108.44760415649414,4.66311064581752,102.97497787475587,107.38018417358398,117.35692138671874,True
146,beta,0.22910946607589722,0.5552961073203478,0.25622460698544447,0.1074078317731619,0.5778903067111969,0.9249537736177443,True
147,nu,0.12628303468227386,0.25652644894458354,0.17468706363474473,0.05191233344376088,0.21356139332056046,0.6162218958139415,True
147,r,1.4706462621688843,1.6157261142730712,0.2674741570139209,1.0951542258262634,1.666452705860138,1.9641904711723326,True
147,muT,307.54541015625,311.683943359375,6.996053134721782,300.2797790527344,311.8258056640625,322.6900390625,True
147,beta,0.3715820014476776,0.29875170590169725,0.22754586365565654,0.03444285038858652,0.24253355711698532,0.7509436815977094,True
148,nu,0.24809084832668304,0.49622990913689136,0.20641521437668264,0.16528124660253524,0.49404051899909973,0.8332737743854519,True
148,r,5.288294315338135,7.9752195415496825,1.5812519213109117,5.485299396514892,7.889308929443359,10.793147706985474,False
148,muT,235.3538055419922,234.16876748657228,7.638484102127034,221.9224639892578,234.0782241821289,246.05450592041015,True
148,beta,0.9639805555343628,0.4307896457503084,0.2718169407231006,0.0408202251419425,0.4038413166999817,0.8965904325246811,False
149,nu,0.18890389800071716,0.30709726993367076,0.21072873226826966,0.05482173282653094,0.24304704368114471,0.7248178541660308,True
149,r,9.265177726745605,9.252751993179322,1.4040036323611877,6.800407600402832,9.437032222747803,11.27762928009033,True
149,muT,110.12128448486328,107.67455838012695,4.237702593066299,102.74807357788086,106.8349609375,115.62738075256345,True
149,beta,0.39949530363082886,0.39722980111418293,0.23787207544843586,0.03794445656239987,0.38416728377342224,0.8027111619710922,True
